{
	"partitions" : [
		{
			"name" : "Top",
			"pins" : [
				{
					"name" : "LoggedIn",
					"strict" : false
				},
				{
					"name" : "LoggedOut",
					"strict" : false
				},
				{
					"name" : "GlobalWin",
					"strict" : false
				},
				{
					"name" : "Timer_Tens_Display[0]",
					"strict" : false
				},
				{
					"name" : "Timer_Tens_Display[1]",
					"strict" : false
				},
				{
					"name" : "Timer_Tens_Display[2]",
					"strict" : false
				},
				{
					"name" : "Timer_Tens_Display[3]",
					"strict" : false
				},
				{
					"name" : "Timer_Tens_Display[4]",
					"strict" : false
				},
				{
					"name" : "Timer_Tens_Display[5]",
					"strict" : false
				},
				{
					"name" : "Timer_Tens_Display[6]",
					"strict" : false
				},
				{
					"name" : "Timer_Ones_Display[0]",
					"strict" : false
				},
				{
					"name" : "Timer_Ones_Display[1]",
					"strict" : false
				},
				{
					"name" : "Timer_Ones_Display[2]",
					"strict" : false
				},
				{
					"name" : "Timer_Ones_Display[3]",
					"strict" : false
				},
				{
					"name" : "Timer_Ones_Display[4]",
					"strict" : false
				},
				{
					"name" : "Timer_Ones_Display[5]",
					"strict" : false
				},
				{
					"name" : "Timer_Ones_Display[6]",
					"strict" : false
				},
				{
					"name" : "Score_Tens_Display[0]",
					"strict" : false
				},
				{
					"name" : "Score_Tens_Display[1]",
					"strict" : false
				},
				{
					"name" : "Score_Tens_Display[2]",
					"strict" : false
				},
				{
					"name" : "Score_Tens_Display[3]",
					"strict" : false
				},
				{
					"name" : "Score_Tens_Display[4]",
					"strict" : false
				},
				{
					"name" : "Score_Tens_Display[5]",
					"strict" : false
				},
				{
					"name" : "Score_Tens_Display[6]",
					"strict" : false
				},
				{
					"name" : "Score_Ones_Display[0]",
					"strict" : false
				},
				{
					"name" : "Score_Ones_Display[1]",
					"strict" : false
				},
				{
					"name" : "Score_Ones_Display[2]",
					"strict" : false
				},
				{
					"name" : "Score_Ones_Display[3]",
					"strict" : false
				},
				{
					"name" : "Score_Ones_Display[4]",
					"strict" : false
				},
				{
					"name" : "Score_Ones_Display[5]",
					"strict" : false
				},
				{
					"name" : "Score_Ones_Display[6]",
					"strict" : false
				},
				{
					"name" : "Seq_Display[0]",
					"strict" : false
				},
				{
					"name" : "Seq_Display[1]",
					"strict" : false
				},
				{
					"name" : "Seq_Display[2]",
					"strict" : false
				},
				{
					"name" : "Seq_Display[3]",
					"strict" : false
				},
				{
					"name" : "Seq_Display[4]",
					"strict" : false
				},
				{
					"name" : "Seq_Display[5]",
					"strict" : false
				},
				{
					"name" : "Seq_Display[6]",
					"strict" : false
				},
				{
					"name" : "Lvl_Display[0]",
					"strict" : false
				},
				{
					"name" : "Lvl_Display[1]",
					"strict" : false
				},
				{
					"name" : "Lvl_Display[2]",
					"strict" : false
				},
				{
					"name" : "Lvl_Display[3]",
					"strict" : false
				},
				{
					"name" : "Lvl_Display[4]",
					"strict" : false
				},
				{
					"name" : "Lvl_Display[5]",
					"strict" : false
				},
				{
					"name" : "Lvl_Display[6]",
					"strict" : false
				},
				{
					"name" : "clk",
					"strict" : false
				},
				{
					"name" : "rst",
					"strict" : false
				},
				{
					"name" : "b_game",
					"strict" : false
				},
				{
					"name" : "AuthDigit[3]",
					"strict" : false
				},
				{
					"name" : "AuthDigit[0]",
					"strict" : false
				},
				{
					"name" : "AuthDigit[1]",
					"strict" : false
				},
				{
					"name" : "AuthDigit[2]",
					"strict" : false
				},
				{
					"name" : "b_psub",
					"strict" : false
				},
				{
					"name" : "Playernum[3]",
					"strict" : false
				},
				{
					"name" : "Playernum[2]",
					"strict" : false
				},
				{
					"name" : "Playernum[0]",
					"strict" : false
				},
				{
					"name" : "Playernum[1]",
					"strict" : false
				},
				{
					"name" : "b_seq",
					"strict" : false
				}
			]
		}
	]
}